quantization,context_tokens,weights_and_metadata_MB_est,tokenizer_MB_est,activations_workspace_MB_est,kv_cache_FP16_MB_est,native_runtime_allocator_MB_est,kotlin_java_ui_MB_est,safety_headroom_MB_est,peak_app_MB_est
INT8,512,355.950848,8.0,80.0,6.291456,40.0,40.0,150.0,680.242304
INT8,1024,355.950848,8.0,80.0,12.582912,40.0,40.0,150.0,686.53376
INT8,2048,355.950848,8.0,80.0,25.165824,40.0,40.0,150.0,699.116672
INT4-group,512,201.097352,8.0,80.0,6.291456,40.0,40.0,150.0,525.388808
INT4-group,1024,201.097352,8.0,80.0,12.582912,40.0,40.0,150.0,531.680264
INT4-group,2048,201.097352,8.0,80.0,25.165824,40.0,40.0,150.0,544.263176
Mixed,512,311.706992,8.0,80.0,6.291456,40.0,40.0,150.0,635.998448
Mixed,1024,311.706992,8.0,80.0,12.582912,40.0,40.0,150.0,642.289904
Mixed,2048,311.706992,8.0,80.0,25.165824,40.0,40.0,150.0,654.8728160000001
